{
  "data_path": "/Users/hrishavmajumder/Documents/Stock_Market/Data/nse_stock_data.xlsx",
  "seq_len": 20,
  "feature_count": 29,
  "dense_input_size": 580,
  "feature_columns": [
    "ADX_14",
    "ATR_14",
    "BB_Lower_20",
    "BB_Middle_20",
    "BB_Upper_20",
    "CCI_20",
    "Daily_Return_%",
    "EMA_12",
    "EMA_26",
    "EMA_50",
    "High",
    "Log_Return_%",
    "Low",
    "MACD_12_26",
    "MACD_Histogram",
    "MACD_Signal_9",
    "MFI_14",
    "OBV",
    "Open",
    "ROC_12",
    "RSI_14",
    "SMA_20",
    "SMA_5",
    "SMA_50",
    "Stochastic_%D",
    "Stochastic_%K",
    "VWAP",
    "Volume",
    "Williams_%R"
  ],
  "valid_stocks": [
    "ADANIENT",
    "ADANIPORTS",
    "APOLLOHOSP",
    "ASIANPAINT",
    "AXISBANK",
    "BAJAJ-AUTO",
    "BAJAJFINSV",
    "BAJFINANCE",
    "BHARTIARTL",
    "BPCL",
    "BRITANNIA",
    "CIPLA",
    "COALINDIA",
    "DIVISLAB",
    "DRREDDY",
    "EICHERMOT",
    "GRASIM",
    "HCLTECH",
    "HDFCBANK",
    "HDFCLIFE",
    "HEROMOTOCO",
    "HINDALCO",
    "HINDUNILVR",
    "ICICIBANK",
    "INDUSINDBK",
    "INFY",
    "IOC",
    "ITC",
    "JSWSTEEL",
    "KOTAKBANK",
    "LT",
    "MARUTI",
    "NESTLEIND",
    "NTPC",
    "ONGC",
    "POWERGRID",
    "RELIANCE",
    "SBILIFE",
    "SBIN",
    "SHREECEM",
    "SUNPHARMA",
    "TATACONSUM",
    "TATASTEEL",
    "TCS",
    "TECHM",
    "TITAN",
    "ULTRACEMCO",
    "UPL",
    "WIPRO"
  ],
  "skipped_stocks": {},
  "sequence_failures": {},
  "model_failures": {},
  "metrics_scaled": {
    "Train": {
      "n": 87101,
      "MSE": 0.0014951356376638168,
      "RMSE": 0.03866698381906477,
      "MAE": 0.030559273948855787,
      "R2": 0.9786510771541317,
      "Adjusted_R2": 0.9785079613976522,
      "MAPE": 37.91841238581182
    },
    "Validation": {
      "n": 20323,
      "MSE": 0.041072881478643214,
      "RMSE": 0.2026644553902909,
      "MAE": 0.11945075712170897,
      "R2": 0.5308906757463676,
      "Adjusted_R2": 0.5171087180892353,
      "MAPE": 10.647478987541943
    },
    "Test": {
      "n": 27114,
      "MSE": 0.6421689296628659,
      "RMSE": 0.8013544344813136,
      "MAE": 0.6141501075696776,
      "R2": -0.36691096158689995,
      "Adjusted_R2": -0.39679104893926875,
      "MAPE": 34.85782646173951
    }
  },
  "test_price_metrics": {
    "n": 27114,
    "MSE": 1888156.31244182,
    "RMSE": 1374.1020021970057,
    "MAE": 791.0824950920883,
    "R2": 0.9067896717505889,
    "Adjusted_R2": 0.9047521339529535,
    "MAPE": 28.528519917164914
  },
  "ensemble_weights": {
    "Dense": 0.2,
    "LSTM": 0.3,
    "Transformer": 0.5
  }
}